Date,Rank_XP,User_Address,XP,ALP,PLP,EP,RP,VP,BP,EA_Flag

2024-11-02_01:07,null,null,null,null,null,null,null,null,null,null
2024-11-03_00:40,null,null,null,null,null,null,null,null,null,null
2024-11-04_00:38,null,null,null,null,null,null,null,null,null,null
2024-11-05_00:36,null,null,null,null,null,null,null,null,null,null
2024-11-06_00:35,null,null,null,null,null,null,null,null,null,null
2024-11-07_00:36,null,null,null,null,null,null,null,null,null,null
2024-11-08_00:35,null,null,null,null,null,null,null,null,null,null
2024-11-09_00:35,null,null,null,null,null,null,null,null,null,null
2024-11-10_00:38,null,null,null,null,null,null,null,null,null,null
2024-11-11_00:37,null,null,null,null,null,null,null,null,null,null
2024-11-12_00:35,null,null,null,null,null,null,null,null,null,null
2024-11-13_00:36,null,null,null,null,null,null,null,null,null,null
2024-11-14_00:36,null,null,null,null,null,null,null,null,null,null
2024-11-15_00:38,null,null,null,null,null,null,null,null,null,null
2024-11-16_00:37,null,null,null,null,null,null,null,null,null,null
2024-11-17_00:41,null,null,null,null,null,null,null,null,null,null
2024-11-18_00:40,null,null,null,null,null,null,null,null,null,null
2024-11-19_00:38,null,null,null,null,null,null,null,null,null,null
2024-11-20_00:38,null,null,null,null,null,null,null,null,null,null
2024-11-21_00:38,null,null,null,null,null,null,null,null,null,null
2024-11-22_00:39,null,null,null,null,null,null,null,null,null,null
2024-11-23_00:38,null,null,null,null,null,null,null,null,null,null
2024-11-24_00:41,null,null,null,null,null,null,null,null,null,null
2024-11-25_00:39,null,null,null,null,null,null,null,null,null,null
2024-11-26_00:38,null,null,null,null,null,null,null,null,null,null
2024-11-27_00:39,null,null,null,null,null,null,null,null,null,null
2024-11-28_00:39,null,null,null,null,null,null,null,null,null,null
2024-11-29_00:39,null,null,null,null,null,null,null,null,null,null
2024-11-30_00:38,null,null,null,null,null,null,null,null,null,null
2024-12-01_00:48,null,null,null,null,null,null,null,null,null,null
2024-12-02_00:41,null,null,null,null,null,null,null,null,null,null
2024-12-03_00:40,null,null,null,null,null,null,null,null,null,null
2024-12-04_00:40,null,null,null,null,null,null,null,null,null,null
2024-12-06_00:40,null,null,null,null,null,null,null,null,null,null
2024-12-07_00:39,null,null,null,null,null,null,null,null,null,null
2024-12-08_00:43,null,null,null,null,null,null,null,null,null,null
2024-12-09_00:41,null,null,null,null,null,null,null,null,null,null
2024-12-10_00:40,null,null,null,null,null,null,null,null,null,null
2024-12-11_00:40,null,null,null,null,null,null,null,null,null,null
2024-12-12_00:40,null,null,null,null,null,null,null,null,null,null
2024-12-13_00:40,null,null,null,null,null,null,null,null,null,null
2024-12-14_00:38,null,null,null,null,null,null,null,null,null,null
2024-12-15_00:44,null,null,null,null,null,null,null,null,null,null
2024-12-16_00:42,null,null,null,null,null,null,null,null,null,null
2024-12-17_00:40,null,null,null,null,null,null,null,null,null,null
2024-12-18_00:38,null,null,null,null,null,null,null,null,null,null
2024-12-19_00:39,null,null,null,null,null,null,null,null,null,null
2024-12-20_00:37,null,null,null,null,null,null,null,null,null,null
2024-12-21_00:36,null,null,null,null,null,null,null,null,null,null
2024-12-22_00:40,null,null,null,null,null,null,null,null,null,null
2024-12-23_00:38,null,null,null,null,null,null,null,null,null,null
2024-12-24_00:36,null,null,null,null,null,null,null,null,null,null
2024-12-25_00:36,null,null,null,null,null,null,null,null,null,null
2024-12-26_00:36,null,null,null,null,null,null,null,null,null,null
2024-12-27_00:36,null,null,null,null,null,null,null,null,null,null
2024-12-28_00:35,null,null,null,null,null,null,null,null,null,null
2024-12-29_00:40,null,null,null,null,null,null,null,null,null,null
2024-12-30_00:38,null,null,null,null,null,null,null,null,null,null
2024-12-31_00:36,null,null,null,null,null,null,null,null,null,null
2025-01-01_00:41,null,null,null,null,null,null,null,null,null,null
2025-01-02_00:36,null,null,null,null,null,null,null,null,null,null
2025-01-03_00:36,null,null,null,null,null,null,null,null,null,null
2025-01-04_00:36,null,null,null,null,null,null,null,null,null,null
2025-01-05_00:40,null,null,null,null,null,null,null,null,null,null
2025-01-06_00:39,null,null,null,null,null,null,null,null,null,null
2025-01-07_00:37,null,null,null,null,null,null,null,null,null,null
2025-01-08_00:37,null,null,null,null,null,null,null,null,null,null
2025-01-09_00:37,null,null,null,null,null,null,null,null,null,null
2025-01-10_00:37,null,null,null,null,null,null,null,null,null,null
2025-01-11_00:37,null,null,null,null,null,null,null,null,null,null
2025-01-12_00:41,null,null,null,null,null,null,null,null,null,null
2025-01-13_00:40,null,null,null,null,null,null,null,null,null,null
2025-01-14_00:35,null,null,null,null,null,null,null,null,null,null
2025-01-15_00:36,null,null,null,null,null,null,null,null,null,null
2025-01-16_00:35,null,null,null,null,null,null,null,null,null,null
2025-01-17_00:35,null,null,null,null,null,null,null,null,null,null
2025-01-18_00:34,null,null,null,null,null,null,null,null,null,null
2025-01-19_00:39,null,null,null,null,null,null,null,null,null,null
2025-01-20_00:37,null,null,null,null,null,null,null,null,null,null
2025-01-21_00:35,null,null,null,null,null,null,null,null,null,null
2025-01-22_00:36,null,null,null,null,null,null,null,null,null,null
2025-01-23_00:36,null,null,null,null,null,null,null,null,null,null
2025-01-24_00:36,null,null,null,null,null,null,null,null,null,null
2025-01-25_00:35,null,null,null,null,null,null,null,null,null,null
2025-01-26_00:37,null,null,null,null,null,null,null,null,null,null
2025-01-27_00:37,null,null,null,null,null,null,null,null,null,null
2025-01-28_00:36,null,null,null,null,null,null,null,null,null,null
2025-01-29_00:36,null,null,null,null,null,null,null,null,null,null
2025-01-30_00:35,null,null,null,null,null,null,null,null,null,null
2025-01-31_00:36,null,null,null,null,null,null,null,null,null,null
2025-02-01_00:38,null,null,null,null,null,null,null,null,null,null
2025-02-02_00:38,null,null,null,null,null,null,null,null,null,null
2025-02-03_00:37,null,null,null,null,null,null,null,null,null,null
2025-02-04_00:36,null,null,null,null,null,null,null,null,null,null
2025-02-05_00:36,null,null,null,null,null,null,null,null,null,null
2025-02-06_00:36,null,null,null,null,null,null,null,null,null,null
2025-02-07_00:36,null,null,null,null,null,null,null,null,null,null
2025-02-08_00:35,null,null,null,null,null,null,null,null,null,null
2025-02-09_00:39,null,null,null,null,null,null,null,null,null,null
2025-02-10_00:38,null,null,null,null,null,null,null,null,null,null
2025-02-11_00:36,null,null,null,null,null,null,null,null,null,null
2025-02-12_00:36,null,null,null,null,null,null,null,null,null,null
2025-02-13_00:36,null,null,null,null,null,null,null,null,null,null
2025-02-14_00:36,null,null,null,null,null,null,null,null,null,null
2025-02-15_00:36,null,null,null,null,null,null,null,null,null,null
2025-02-16_00:40,null,null,null,null,null,null,null,null,null,null
2025-02-17_00:39,null,null,null,null,null,null,null,null,null,null
2025-02-18_00:36,null,null,null,null,null,null,null,null,null,null
2025-02-19_00:37,null,null,null,null,null,null,null,null,null,null
2025-02-20_00:37,null,null,null,null,null,null,null,null,null,null
2025-02-21_00:37,null,null,null,null,null,null,null,null,null,null
2025-02-22_00:35,null,null,null,null,null,null,null,null,null,null
2025-02-23_00:40,null,null,null,null,null,null,null,null,null,null
2025-02-24_00:38,null,null,null,null,null,null,null,null,null,null
2025-02-25_00:38,null,null,null,null,null,null,null,null,null,null
2025-02-26_00:37,null,null,null,null,null,null,null,null,null,null
2025-02-27_00:37,null,null,null,null,null,null,null,null,null,null
2025-02-28_00:37,null,null,null,null,null,null,null,null,null,null
2025-03-01_00:41,null,null,null,null,null,null,null,null,null,null
2025-03-02_00:40,null,null,null,null,null,null,null,null,null,null
2025-03-03_00:40,null,null,null,null,null,null,null,null,null,null
2025-03-04_00:38,null,null,null,null,null,null,null,null,null,null
2025-03-05_00:38,null,null,null,null,null,null,null,null,null,null
2025-03-06_00:38,null,null,null,null,null,null,null,null,null,null
2025-03-07_00:38,null,null,null,null,null,null,null,null,null,null
2025-03-08_00:30,null,null,null,null,null,null,null,null,null,null
2025-03-09_00:34,null,null,null,null,null,null,null,null,null,null
2025-03-10_00:32,null,null,null,null,null,null,null,null,null,null
2025-03-11_00:38,null,null,null,null,null,null,null,null,null,null
2025-03-12_00:38,null,null,null,null,null,null,null,null,null,null
2025-03-13_00:39,null,null,null,null,null,null,null,null,null,null
2025-03-14_00:38,null,null,null,null,null,null,null,null,null,null
2025-03-15_00:38,null,null,null,null,null,null,null,null,null,null
2025-03-16_00:42,null,null,null,null,null,null,null,null,null,null
2025-03-17_00:40,null,null,null,null,null,null,null,null,null,null
2025-03-18_00:38,null,null,null,null,null,null,null,null,null,null
2025-03-19_00:39,null,null,null,null,null,null,null,null,null,null
2025-03-20_00:38,null,null,null,null,null,null,null,null,null,null
2025-03-21_00:39,null,null,null,null,null,null,null,null,null,null
2025-03-22_00:38,null,null,null,null,null,null,null,null,null,null
2025-03-23_00:42,null,null,null,null,null,null,null,null,null,null
2025-03-24_00:41,null,null,null,null,null,null,null,null,null,null
2025-03-25_00:39,null,null,null,null,null,null,null,null,null,null
2025-03-26_00:39,null,null,null,null,null,null,null,null,null,null
2025-03-27_00:39,null,null,null,null,null,null,null,null,null,null
2025-03-28_00:39,null,null,null,null,null,null,null,null,null,null
2025-03-29_00:39,null,null,null,null,null,null,null,null,null,null
2025-03-30_00:43,null,null,null,null,null,null,null,null,null,null
2025-03-31_00:42,null,null,null,null,null,null,null,null,null,null
2025-04-01_00:45,null,null,null,null,null,null,null,null,null,null
2025-04-02_00:40,null,null,null,null,null,null,null,null,null,null
2025-04-03_00:39,null,null,null,null,null,null,null,null,null,null
2025-04-04_00:39,null,null,null,null,null,null,null,null,null,null
2025-04-05_00:38,null,null,null,null,null,null,null,null,null,null
2025-04-06_00:43,null,null,null,null,null,null,null,null,null,null
2025-04-07_00:41,null,null,null,null,null,null,null,null,null,null
2025-04-08_00:39,null,null,null,null,null,null,null,null,null,null
2025-04-09_00:39,null,null,null,null,null,null,null,null,null,null
2025-04-10_00:40,null,null,null,null,null,null,null,null,null,null
2025-04-11_00:40,null,null,null,null,null,null,null,null,null,null
2025-04-12_00:39,null,null,null,null,null,null,null,null,null,null
2025-04-13_02:07,null,null,null,null,null,null,null,null,null,null
2025-04-14_00:43,null,null,null,null,null,null,null,null,null,null
2025-04-15_00:41,null,null,null,null,null,null,null,null,null,null
2025-04-16_00:41,null,null,null,null,null,null,null,null,null,null
2025-04-17_00:40,null,null,null,null,null,null,null,null,null,null
2025-04-18_00:40,null,null,null,null,null,null,null,null,null,null
2025-04-19_00:38,null,null,null,null,null,null,null,null,null,null
2025-04-20_00:44,null,null,null,null,null,null,null,null,null,null
2025-04-21_00:43,null,null,null,null,null,null,null,null,null,null
2025-04-22_00:41,null,null,null,null,null,null,null,null,null,null
2025-04-23_00:41,null,null,null,null,null,null,null,null,null,null
2025-04-24_00:40,null,null,null,null,null,null,null,null,null,null
2025-04-25_00:41,null,null,null,null,null,null,null,null,null,null
2025-04-26_00:40,null,null,null,null,null,null,null,null,null,null
2025-04-27_00:44,null,null,null,null,null,null,null,null,null,null
2025-04-28_00:43,null,null,null,null,null,null,null,null,null,null
2025-04-29_00:41,null,null,null,null,null,null,null,null,null,null
2025-04-30_00:41,null,null,null,null,null,null,null,null,null,null
2025-05-01_00:47,null,null,null,null,null,null,null,null,null,null
2025-05-02_00:41,null,null,null,null,null,null,null,null,null,null
2025-05-03_00:40,null,null,null,null,null,null,null,null,null,null
2025-05-04_00:46,null,null,null,null,null,null,null,null,null,null
2025-05-05_00:44,null,null,null,null,null,null,null,null,null,null
2025-05-06_00:42,null,null,null,null,null,null,null,null,null,null
2025-05-07_00:42,null,null,null,null,null,null,null,null,null,null
2025-05-08_00:42,null,null,null,null,null,null,null,null,null,null
2025-05-09_00:42,null,null,null,null,null,null,null,null,null,null
2025-05-10_00:40,null,null,null,null,null,null,null,null,null,null
2025-05-11_00:45,null,null,null,null,null,null,null,null,null,null
2025-05-12_00:44,null,null,null,null,null,null,null,null,null,null
2025-05-13_00:42,null,null,null,null,null,null,null,null,null,null
2025-05-14_00:42,null,null,null,null,null,null,null,null,null,null
2025-05-15_00:41,null,null,null,null,null,null,null,null,null,null
2025-05-16_00:43,null,null,null,null,null,null,null,null,null,null
2025-05-17_00:41,null,null,null,null,null,null,null,null,null,null
2025-05-18_00:46,null,null,null,null,null,null,null,null,null,null
2025-05-19_00:45,null,null,null,null,null,null,null,null,null,null
2025-05-20_00:43,null,null,null,null,null,null,null,null,null,null
2025-05-21_00:43,null,null,null,null,null,null,null,null,null,null
2025-05-22_00:42,null,null,null,null,null,null,null,null,null,null
2025-05-23_00:42,null,null,null,null,null,null,null,null,null,null
2025-05-24_00:40,null,null,null,null,null,null,null,null,null,null
2025-05-25_00:48,null,null,null,null,null,null,null,null,null,null
2025-05-26_00:44,null,null,null,null,null,null,null,null,null,null
2025-05-27_00:42,null,null,null,null,null,null,null,null,null,null
2025-05-28_00:43,null,null,null,null,null,null,null,null,null,null
2025-05-29_00:43,null,null,null,null,null,null,null,null,null,null
2025-05-30_00:42,null,null,null,null,null,null,null,null,null,null
2025-05-31_00:41,null,null,null,null,null,null,null,null,null,null
2025-06-01_00:54,null,null,null,null,null,null,null,null,null,null
2025-06-02_00:45,null,null,null,null,null,null,null,null,null,null
2025-06-03_00:44,null,null,null,null,null,null,null,null,null,null
2025-06-04_00:43,null,null,null,null,null,null,null,null,null,null
2025-06-05_00:43,null,null,null,null,null,null,null,null,null,null
2025-06-06_00:42,null,null,null,null,null,null,null,null,null,null
2025-06-07_00:42,null,null,null,null,null,null,null,null,null,null
2025-06-08_00:49,null,null,null,null,null,null,null,null,null,null
2025-06-09_00:46,null,null,null,null,null,null,null,null,null,null
2025-06-10_00:43,null,null,null,null,null,null,null,null,null,null
2025-06-11_00:43,null,null,null,null,null,null,null,null,null,null
2025-06-12_00:43,null,null,null,null,null,null,null,null,null,null
2025-06-13_00:43,null,null,null,null,null,null,null,null,null,null
2025-06-14_00:42,null,null,null,null,null,null,null,null,null,null
2025-06-15_00:50,null,null,null,null,null,null,null,null,null,null
2025-06-16_00:46,null,null,null,null,null,null,null,null,null,null
2025-06-17_00:43,null,null,null,null,null,null,null,null,null,null
2025-06-18_00:44,null,null,null,null,null,null,null,null,null,null
2025-06-19_00:44,null,null,null,null,null,null,null,null,null,null
2025-06-20_00:43,null,null,null,null,null,null,null,null,null,null
2025-06-21_00:43,null,null,null,null,null,null,null,null,null,null
2025-06-22_00:49,null,null,null,null,null,null,null,null,null,null
2025-06-23_00:48,null,null,null,null,null,null,null,null,null,null
2025-06-24_00:44,null,null,null,null,null,null,null,null,null,null
2025-06-25_00:44,null,null,null,null,null,null,null,null,null,null
2025-06-26_00:44,null,null,null,null,null,null,null,null,null,null
2025-06-27_00:44,null,null,null,null,null,null,null,null,null,null
2025-06-28_00:42,null,null,null,null,null,null,null,null,null,null
2025-06-29_00:51,null,null,null,null,null,null,null,null,null,null
2025-06-30_00:48,null,null,null,null,null,null,null,null,null,null
2025-07-01_00:51,null,null,null,null,null,null,null,null,null,null
2025-07-02_00:44,null,null,null,null,null,null,null,null,null,null
2025-07-03_00:44,null,null,null,null,null,null,null,null,null,null
2025-07-04_00:43,null,null,null,null,null,null,null,null,null,null
2025-07-05_00:42,null,null,null,null,null,null,null,null,null,null
2025-07-06_00:50,null,null,null,null,null,null,null,null,null,null
2025-07-07_00:49,null,null,null,null,null,null,null,null,null,null
2025-07-08_00:44,null,null,null,null,null,null,null,null,null,null
2025-07-09_00:45,null,null,null,null,null,null,null,null,null,null
2025-07-10_00:44,null,null,null,null,null,null,null,null,null,null
2025-07-11_00:45,null,null,null,null,null,null,null,null,null,null
2025-07-12_00:46,null,null,null,null,null,null,null,null,null,null
2025-07-13_00:52,null,null,null,null,null,null,null,null,null,null
2025-07-14_00:49,null,null,null,null,null,null,null,null,null,null
2025-07-15_00:47,null,null,null,null,null,null,null,null,null,null
2025-07-16_00:46,null,null,null,null,null,null,null,null,null,null
2025-07-17_00:47,null,null,null,null,null,null,null,null,null,null
2025-07-18_00:45,null,null,null,null,null,null,null,null,null,null
2025-07-19_00:45,null,null,null,null,null,null,null,null,null,null
2025-07-20_00:53,null,null,null,null,null,null,null,null,null,null
2025-07-21_00:51,null,null,null,null,null,null,null,null,null,null
2025-07-22_00:47,null,null,null,null,null,null,null,null,null,null
2025-07-23_00:47,null,null,null,null,null,null,null,null,null,null
2025-07-24_00:47,null,null,null,null,null,null,null,null,null,null
2025-07-25_00:46,null,null,null,null,null,null,null,null,null,null
2025-07-26_00:45,null,null,null,null,null,null,null,null,null,null
2025-07-27_00:53,null,null,null,null,null,null,null,null,null,null
2025-07-28_00:52,null,null,null,null,null,null,null,null,null,null
2025-07-29_00:53,null,null,null,null,null,null,null,null,null,null
2025-07-30_00:48,null,null,null,null,null,null,null,null,null,null
2025-07-31_00:48,null,null,null,null,null,null,null,null,null,null
2025-08-01_00:55,null,null,null,null,null,null,null,null,null,null
